"Volume","Chapter","Paragraph","Line","LineId","Text"
"18","1","1","1","18010101","　東の院が美々しく落成したので、<RUBY><RB>花散里</RB><RP>（</RP><RT>はなちるさと</RT><RP>）</RP></RUBY>といわれていた夫人を源氏は移らせた。西の対から<RUBY><RB>渡殿</RB><RP>（</RP><RT>わたどの</RT><RP>）</RP></RUBY>へかけてをその居所に取って、事務の扱い所、<RUBY><RB>家司</RB><RP>（</RP><RT>けいし</RT><RP>）</RP></RUBY>の詰め所なども備わった、源氏の夫人の一人としての体面を損じないような<RUBY><RB>住居</RB><RP>（</RP><RT>すまい</RT><RP>）</RP></RUBY>にしてあった。<BR>"
"18","1","1","2","18010102","　東の対には<RUBY><RB>明石</RB><RP>（</RP><RT>あかし</RT><RP>）</RP></RUBY>の人を置こうと源氏はかねてから思っていた。<BR>"
"18","1","1","3","18010103","　北の対をばことに広く立てて、かりにも源氏が愛人と見て、将来のことまでも約束してある人たちのすべてをそこへ集めて住ませようという考えをもっていた源氏は、そこを幾つにも仕切って作らせた点で北の対は最もおもしろい建物になった。<BR>"
"18","1","1","4","18010104","　中央の<RUBY><RB>寝殿</RB><RP>（</RP><RT>しんでん</RT><RP>）</RP></RUBY>はだれの<RUBY><RB>住居</RB><RP>（</RP><RT>すまい</RT><RP>）</RP></RUBY>にも使わせずに、時々源氏が来て休息をしたり、客を招いたりする座敷にしておいた。<BR>"
"18","1","1","5","18010105","　明石へは始終手紙が送られた。このごろは上京を促すことばかりを言う源氏であった。女はまだ<RUBY><RB>躊躇</RB><RP>（</RP><RT>ちゅうちょ</RT><RP>）</RP></RUBY>をしているのである。<BR>"
"18","1","1","6","18010106","　わが身の上のかいなさをよく知っていて、自分などとは比べられぬ都の<RUBY><RB>貴女</RB><RP>（</RP><RT>きじょ</RT><RP>）</RP></RUBY>たちでさえ捨てられるのでもなく、また冷淡でなくもないような扱いを受けて、源氏のために物思いを多く作るという<RUBY><RB>噂</RB><RP>（</RP><RT>うわさ</RT><RP>）</RP></RUBY>を聞くのであるから、どれだけ愛されているという自信があってその中へ出て行かれよう、姫君の生母の貧弱さを人目にさらすだけで、<BR>"
"18","1","1","7","18010107","　たまさかの訪問を待つにすぎない京の暮らしを考えるほど不安なことはないと<RUBY><RB>煩悶</RB><RP>（</RP><RT>はんもん</RT><RP>）</RP></RUBY>をしながらも明石は、そうかといって姫君をこの<RUBY><RB>田舎</RB><RP>（</RP><RT>いなか</RT><RP>）</RP></RUBY>に置いて、世間から源氏の子として取り扱われないような不幸な目にあわせることも非常に哀れなことであると思って、出京は断然しないとも源氏へ答えることはできなかった。両親も娘の煩悶するのがもっともに思われて<RUBY><RB>歎息</RB><RP>（</RP><RT>たんそく</RT><RP>）</RP></RUBY>ばかりしていた。<BR>"
"18","1","2","1","18010201","　入道夫人の祖父の<RUBY><RB>中務卿</RB><RP>（</RP><RT>なかつかさきょう</RT><RP>）</RP></RUBY>親王が昔持っておいでになった別荘が<RUBY><RB>嵯峨</RB><RP>（</RP><RT>さが</RT><RP>）</RP></RUBY>の大井川のそばにあって、宮家の相続者にしかとした人がないままに別荘などもそのままに荒廃させてあるのを思い出して、親王の時からずっと預かり人のようになっている男を明石へ呼んで相談をした。<BR>"
"18","1","2","2","18010202","　「私はもう京の生活を二度とすまいという決心で田舎へ引きこもったのだが、子供になってみるとそうはいかないもので、その人たちのためにまた一軒京に家を持つ必要ができたのだが、こうした静かな所にいて、にわかに京の町中の家へはいって気も落ち着くものでないと思われるので、古い別荘のほうへでもやろうかと思う。そちらで今まで使っているだけの建物は君のほうへあげてもいいから、そのほかの所を修繕して、とにかく人が住めるだけの別荘にこしらえ上げてもらいたいと思うのだが」<BR>"
"18","1","2","3","18010203","　と入道が言った。<BR>"
"18","1","2","4","18010204","　「もう長い間持ち主がおいでにならない別荘になって、ひどく荒れたものですから、私たちは<RUBY><RB>下屋</RB><RP>（</RP><RT>しもや</RT><RP>）</RP></RUBY>のほうに住んでおりますが、しかし今年の春ごろから内大臣さんが近くへ<RUBY><RB>御堂</RB><RP>（</RP><RT>みどう</RT><RP>）</RP></RUBY>の普請をお始めになりまして、あすこはもう人がたくさん来る所になっておりますよ、たいした御堂ができるのですから、工事に使われている人数だけでもどんなに大きいかしれません。静かなお<RUBY><RB>住居</RB><RP>（</RP><RT>すまい</RT><RP>）</RP></RUBY>がよろしいのならあすこはだめかもしれません」<BR>"
"18","1","2","5","18010205","　「いや、それは構わないのだ。というのは内大臣家にも関係のあることでそこへ行こうとしているのだからね。家の中の設備などは追い追いこちらからさせるが、まず急いで大体の修繕のほうをさせてくれ」<BR>"
"18","1","2","6","18010206","　と入道が言う。<BR>"
"18","1","2","7","18010207","　「私の所有ではありませんが、持っていらっしゃる方もなかったものですから、一軒家のような所を長く私が守って来たのです。別荘についた田地なども荒れる一方でしたから、お<RUBY><RB>亡</RB><RP>（</RP><RT>な</RT><RP>）</RP></RUBY>くなりになりました<RUBY><RB>民部大輔</RB><RP>（</RP><RT>みんぶだゆう</RT><RP>）</RP></RUBY>さんにお願いして、譲っていただくことにしましてそれだけの金は納めたのでした」<BR>"
"18","1","2","8","18010208","　預かり人は自身の物のようにしている田地などを回収されないかと危うがって、権利を主張しておかねばというように、<RUBY><RB>鬚</RB><RP>（</RP><RT>ひげ</RT><RP>）</RP></RUBY>むしゃな醜い顔の鼻だけを赤くしながら<RUBY><RB>顎</RB><RP>（</RP><RT>あご</RT><RP>）</RP></RUBY>を上げて弁じ立てる。<BR>"
"18","1","2","9","18010209","　「私のほうでは田地などいらない。これまでどおりに君は思っておればいい。別荘その他の証券は私のほうにあるが、もう世捨て人になってしまってからは、財産の権利も義務も忘れてしまって、<RUBY><RB>留守居</RB><RP>（</RP><RT>るすい</RT><RP>）</RP></RUBY>料も払ってあげなかったが、そのうち精算してあげるよ」<BR>"
"18","1","2","10","18010210","　こんな話も相手は、入道が源氏に関係のあることをにおわしたことで気味悪く思って、<RUBY><RB>私慾</RB><RP>（</RP><RT>しよく</RT><RP>）</RP></RUBY>をそれ以上たくましくはしかねていた。それからのち、入道家から金を多く受け取って大井の山荘は修繕されていった。<BR>"
"18","1","3","1","18010301","　そんなことは源氏の想像しないことであったから、上京をしたがらない理由は何にあるかと怪しんでは、姫君がそのまま田舎に育てられていくことによって、のちの歴史にも不名誉な話が残るであろうと源氏は<RUBY><RB>歎息</RB><RP>（</RP><RT>たんそく</RT><RP>）</RP></RUBY>されるのであったが、大井の山荘ができ上がってから、はじめて昔の母の祖父の山荘のあったことを思い出して、そこを家にして上京するつもりであると明石から知らせて来た。東の院へ迎えて住ませようとしたことに同意しなかったのは、そんな考えであったのかと源氏は合点した。<RUBY><RB>聡明</RB><RP>（</RP><RT>そうめい</RT><RP>）</RP></RUBY>なしかただとも思ったのであった。<BR>"
"18","1","3","2","18010302","　<RUBY><RB>惟光</RB><RP>（</RP><RT>これみつ</RT><RP>）</RP></RUBY>が源氏の隠し事に関係しないことはなくて、明石の上京の件についても源氏はこの人にまず打ち明けて、さっそく大井へ山荘を見にやり、源氏のほうで用意しておくことは皆させた。<BR>"
"18","1","3","3","18010303","　「ながめのよい所でございまして、やはりまた海岸のような気のされる所もございます」<BR>"
"18","1","3","4","18010304","　と惟光は報告した。そうした山荘の風雅な女主人になる資格のある人であると源氏は思っていた。<BR>"
"18","1","3","5","18010305","　源氏の作っている御堂は大覚寺の南にあたる所で、<RUBY><RB>滝殿</RB><RP>（</RP><RT>たきどの</RT><RP>）</RP></RUBY>などの美術的なことは大覚寺にも劣らない。<BR>"
"18","1","3","6","18010306","　明石の山荘は川に面した所で、大木の松の多い中へ<RUBY><RB>素朴</RB><RP>（</RP><RT>そぼく</RT><RP>）</RP></RUBY>に寝殿の建てられてあるのも、山荘らしい寂しい趣が出ているように見えた。源氏は内部の設備までも自身のほうでさせておこうとしていた。<BR>"
"18","1","4","1","18010401","　親しい人たちをもまたひそかに明石へ迎えに立たせた。免れがたい因縁に引かれていよいよそこを去る時になったのであると思うと、女の心は<RUBY><RB>馴染</RB><RP>（</RP><RT>なじみ</RT><RP>）</RP></RUBY>深い明石の浦に<RUBY><RB>名残</RB><RP>（</RP><RT>なごり</RT><RP>）</RP></RUBY>が惜しまれた。父の入道を一人ぼっちで残すことも苦痛であった。なぜ自分だけはこんな悲しみをしなければならないのであろうと、朗らかな運命を持つ人がうらやましかった。<BR>"
"18","1","4","2","18010402","　両親も源氏に迎えられて娘が出京するというようなことは長い間寝てもさめても願っていたことで、それが実現される喜びはあっても、その日を限りに娘たちと別れて孤独になる将来を考えると堪えがたく悲しくて、夜も昼も物思いに入道は<RUBY><RB>呆</RB><RP>（</RP><RT>ぼう</RT><RP>）</RP></RUBY>としていた。言うことはいつも同じことで、「そして私は姫君の顔を見ないでいるのだね」そればかりである。<BR>"
"18","1","4","3","18010403","　夫人の心も非常に悲しかった。これまでもすでに同じ家には住まず別居の形になっていたのであるから、明石が上京したあとに自分だけが残る必要も認めてはいないものの、地方にいる間だけの仮の夫婦の中でも月日が重なって<RUBY><RB>馴染</RB><RP>（</RP><RT>なじみ</RT><RP>）</RP></RUBY>の深くなった人たちは別れがたいものに違いないのであるから、まして夫人にとっては<RUBY><RB>頑固</RB><RP>（</RP><RT>がんこ</RT><RP>）</RP></RUBY>な我意の強い<RUBY><RB>良人</RB><RP>（</RP><RT>おっと</RT><RP>）</RP></RUBY>ではあったが、明石に作った家で終わる命を予想して、信頼して来た妻なのであるからにわかに別れて京へ行ってしまうことは心細かった。<BR>"
"18","1","4","4","18010404","　光明を見失った人になって<RUBY><RB>田舎</RB><RP>（</RP><RT>いなか</RT><RP>）</RP></RUBY>の生活をしていた若い女房などは、<RUBY><RB>蘇生</RB><RP>（</RP><RT>そせい</RT><RP>）</RP></RUBY>のできたほどにうれしいのであるが、美しい明石の浦の風景に接する日のまたないであろうことを思うことで心のめいることもあった。<BR>"
"18","1","5","1","18010501","　これは秋のことであったからことに物事が身に<RUBY><RB>沁</RB><RP>（</RP><RT>し</RT><RP>）</RP></RUBY>んで思われた。出立の日の夜明けに、涼しい秋風が吹いていて、虫の声もする時、明石の君は海のほうをながめていた。入道は<RUBY><RB>後夜</RB><RP>（</RP><RT>ごや</RT><RP>）</RP></RUBY>に起きたままでいて、鼻をすすりながら仏前の勤めをしていた。門出の日は縁起を祝って、不吉なことはだれもいっさい避けようとしているが、父も娘も忍ぶことができずに泣いていた。小さい姫君は非常に美しくて、夜光の<RUBY><RB>珠</RB><RP>（</RP><RT>たま</RT><RP>）</RP></RUBY>と思われる麗質の備わっているのを、これまでどれほど入道が愛したかしれない。<BR>"
"18","1","5","2","18010502","　祖父の愛によく馴染んでいる姫君を入道は見て、「<RUBY><RB>僧形</RB><RP>（</RP><RT>そうぎょう</RT><RP>）</RP></RUBY>の私が姫君のそばにいることは遠慮すべきだとこれまでも思いながら、片時だってお顔を見ねばいられなかった私は、これから先どうするつもりだろう」と泣く。<BR>"
"18","1","5","3","18010503","　　「行くさきをはるかに祈る別れ<RUBY><RB>路</RB><RP>（</RP><RT>ぢ</RT><RP>）</RP></RUBY>に<BR>　　たへぬは老いの涙なりけり<BR>"
"18","1","5","4","18010504","　不謹慎だ私は」<BR>"
"18","1","5","5","18010505","　と言って、落ちてくる涙を<RUBY><RB>拭</RB><RP>（</RP><RT>ぬぐ</RT><RP>）</RP></RUBY>い隠そうとした。尼君が、京時代の左近中将の<RUBY><RB>良人</RB><RP>（</RP><RT>おっと</RT><RP>）</RP></RUBY>に、<BR>"
"18","1","5","6","18010506","　　「もろともに都は<RUBY><RB>出</RB><RP>（</RP><RT>い</RT><RP>）</RP></RUBY>できこのたびや<BR>　　一人野中の道に惑はん」<BR>"
"18","1","5","7","18010507","　と言って泣くのも同情されることであった。信頼をし合って過ぎた年月を思うと、どうなるかわからぬ娘の愛人の心を頼みにして、見捨てた京へ帰ることが尼君をはかなくさせるのであった。明石が、<BR>"
"18","1","5","8","18010508","　　「いきてまた逢ひ見んことをいつとてか<BR>　　限りも知らぬ世をば頼まん<BR>"
"18","1","5","9","18010509","　送ってだけでもくださいませんか」<BR>"
"18","1","5","10","18010510","　と父に頼んだが、それは事情が許さないことであると入道は言いながらも途中が気づかわれるふうが見えた。<BR>"
"18","1","6","1","18010601","　「私は出世することなどを思い切ろうとしていたのだが、いよいよその気になって地方官になったのは、ただあなたに物質的にだけでも十分尽くしてやりたいということからだった。それから地方官の仕事も私に適したものでないことをいろんな形で教えられたから、これをやめて地方官の<RUBY><RB>落伍</RB><RP>（</RP><RT>らくご</RT><RP>）</RP></RUBY>者の一人で、京で<RUBY><RB>軽蔑</RB><RP>（</RP><RT>けいべつ</RT><RP>）</RP></RUBY>される人間にこの上なっては親の名誉を恥ずかしめることだと悲しくて出家したがね、京を出たのが世の中を捨てる門出だったと、世間からも私は思われていて、よく潔くそれを実行したと私自身にも満足感はあったが、あなたが一人前の少女になってきたのを見ると、どうしてこんな珠玉を<RUBY><RB>泥土</RB><RP>（</RP><RT>でいど</RT><RP>）</RP></RUBY>に置くような残酷なことを自分はしたかと私の心はまた暗くなってきた。それからは仏と神を頼んで、この人までが私の不運に引かれて一地方人となってしまうようなことがないようにと願った。<BR>"
"18","1","6","2","18010602","　思いがけず源氏の君を婿に見る日が来たのであるが、われわれには身分のひけ目があって、よいことにも悲しみが常に添っていた。しかし姫君がお生まれになったことで私もだいぶ自信ができてきた。姫君はこんな土地でお育ちになってはならない高い宿命を持つ方に違いないのだから、お別れすることがどんなに悲しくても私はあきらめる。何事ももうとくにあきらめた私は僧じゃないか。姫君は高い高い宿命の人でいられるが、<RUBY><RB>暫時</RB><RP>（</RP><RT>ざんじ</RT><RP>）</RP></RUBY>の間私に祖父と孫の愛を作って見せてくださったのだ。天に生まれる人も一度は<RUBY><RB>三途</RB><RP>（</RP><RT>さんず</RT><RP>）</RP></RUBY>の川まで行くということにあたることだとそれを思って私はこれで長いお別れをする。私が死んだと聞いても仏事などはしてくれる必要はない。死に別れた悲しみもしないでおおきなさい」<BR>"
"18","1","6","3","18010603","　と入道は断言したのであるが、また、「私は煙になる前の夕べまで姫君のことを六時の<RUBY><RB>勤行</RB><RP>（</RP><RT>ごんぎょう</RT><RP>）</RP></RUBY>に混ぜて祈ることだろう。恩愛が捨てられないで」と悲しそうに言うのであった。<BR>"
"18","1","7","1","18010701","　車の数の多くなることも人目を引くことであるし、二度に分けて立たせることも<RUBY><RB>面倒</RB><RP>（</RP><RT>めんどう</RT><RP>）</RP></RUBY>なことであるといって、迎えに来た人たちもまた非常に目だつことを恐れるふうであったから、船を用いてそっと明石親子は立つことになった。午前八時に船が出た。昔の人も身にしむものに見た明石の浦の朝霧に船の隔たって行くのを見る入道の心は、<RUBY><RB>仏弟子</RB><RP>（</RP><RT>ぶつでし</RT><RP>）</RP></RUBY>の超越した境地に引きもどされそうもなかった。ただ<RUBY><RB>呆然</RB><RP>（</RP><RT>ぼうぜん</RT><RP>）</RP></RUBY>としていた。長い年月を経て都へ帰ろうとする尼君の心もまた悲しかった。<BR>"
"18","1","7","2","18010702","　　かの岸に心寄りにし<RUBY><RB>海人船</RB><RP>（</RP><RT>あまぶね</RT><RP>）</RP></RUBY>の<BR>　　そむきし方に<RUBY><RB>漕</RB><RP>（</RP><RT>こ</RT><RP>）</RP></RUBY>ぎ帰るかな<BR>"
"18","1","7","3","18010703","　と言って尼君は泣いていた。明石は、<BR>"
"18","1","7","4","18010704","　　いくかへり行きかふ秋を過ごしつつ<BR>　　浮き木に乗りてわれ帰るらん<BR>"
"18","1","7","5","18010705","　と言っていた。追い風であって、予定どおりに一行の人は京へはいることができた。車に移ってから人目を引かぬ用心をしながら大井の山荘へ行ったのである。<BR>"
"18","2","1","1","18020101","　山荘は風流にできていて、大井川が明石でながめた海のように前を流れていたから、<RUBY><RB>住居</RB><RP>（</RP><RT>すまい</RT><RP>）</RP></RUBY>の変わった気もそれほどしなかった。明石の生活がなお近い続きのように思われて、悲しくなることが多かった。増築した廊なども趣があって園内に引いた水の流れも美しかった。欠点もあるが住みついたならきっとよくなるであろうと明石の人々は思った。<BR>"
"18","2","1","2","18020102","　源氏は親しい<RUBY><RB>家司</RB><RP>（</RP><RT>けいし</RT><RP>）</RP></RUBY>に命じて到着の日の一行の<RUBY><RB>饗応</RB><RP>（</RP><RT>きょうおう</RT><RP>）</RP></RUBY>をさせたのであった。自身で<RUBY><RB>訪</RB><RP>（</RP><RT>たず</RT><RP>）</RP></RUBY>ねて行くことは、機会を作ろう作ろうとしながらもおくれるばかりであった。<BR>"
"18","2","1","3","18020103","　源氏に近い京へ来ながら物思いばかりがされて、女は<RUBY><RB>明石</RB><RP>（</RP><RT>あかし</RT><RP>）</RP></RUBY>の家も恋しかったし、つれづれでもあって、源氏の形見の<RUBY><RB>琴</RB><RP>（</RP><RT>きん</RT><RP>）</RP></RUBY>の<RUBY><RB>絃</RB><RP>（</RP><RT>いと</RT><RP>）</RP></RUBY>を鳴らしてみた。非常に悲しい気のする日であったから、人の来ぬ座敷で明石がそれを少し<RUBY><RB>弾</RB><RP>（</RP><RT>ひ</RT><RP>）</RP></RUBY>いていると、松風の音が荒々しく合奏をしかけてきた。横になっていた尼君が起き上がって言った。<BR>"
"18","2","1","4","18020104","　　身を変へて一人帰れる山里に<BR>　　聞きしに似たる松風ぞ吹く<BR>"
"18","2","1","5","18020105","　<RUBY><RB>女</RB><RP>（</RP><RT>むすめ</RT><RP>）</RP></RUBY>が言った。<BR>"
"18","2","1","6","18020106","　　ふるさとに見し世の友を恋ひわびて<BR>　　さへづることを<RUBY><RB>誰</RB><RP>（</RP><RT>たれ</RT><RP>）</RP></RUBY>か分くらん<BR>"
"18","2","2","1","18020201","　こんなふうにはかながって暮らしていた数日ののちに、以前にもまして<RUBY><RB>逢</RB><RP>（</RP><RT>あ</RT><RP>）</RP></RUBY>いがたい苦しさを切に感じる源氏は、人目もはばからずに大井へ出かけることにした。夫人にはまだ明石の上京したことは言ってなかったから、ほかから耳にはいっては気まずいことになると思って、源氏は女房を使いにして言わせた。<BR>"
"18","2","2","2","18020202","　「<RUBY><RB>桂</RB><RP>（</RP><RT>かつら</RT><RP>）</RP></RUBY>に私が行って<RUBY><RB>指図</RB><RP>（</RP><RT>さしず</RT><RP>）</RP></RUBY>をしてやらねばならないことがあるのですが、それをそのままにして長くなっています。それに京へ来たら訪ねようという約束のしてある人もその近くへ上って来ているのですから、済まない気がしますから、そこへも行ってやります。<RUBY><RB>嵯峨野</RB><RP>（</RP><RT>さがの</RT><RP>）</RP></RUBY>の<RUBY><RB>御堂</RB><RP>（</RP><RT>みどう</RT><RP>）</RP></RUBY>に何もそろっていない所にいらっしゃる仏様へも御<RUBY><RB>挨拶</RB><RP>（</RP><RT>あいさつ</RT><RP>）</RP></RUBY>に寄りますから二、三日は帰らないでしょう」<BR>"
"18","2","2","3","18020203","<!--空行--><BR>"
"18","2","2","4","18020204","　夫人は桂の院という別荘の新築されつつあることを聞いたが、そこへ明石の人を迎えたのであったかと気づくとうれしいこととは思えなかった。「<RUBY><RB>斧</RB><RP>（</RP><RT>おの</RT><RP>）</RP></RUBY>の柄を新しくなさらなければ（<RUBY><RB>仙人</RB><RP>（</RP><RT>せんにん</RT><RP>）</RP></RUBY>の碁を見物している間に、時がたって気がついてみるとその<RUBY><RB>樵夫</RB><RP>（</RP><RT>きこり</RT><RP>）</RP></RUBY>の持っていた斧の柄は朽ちていたという話）ならないほどの時間はさぞ待ち遠いことでしょう」不愉快そうなこんな夫人の返事が源氏に伝えられた。<BR>"
"18","2","2","5","18020205","　「また意外なことをお言いになる。私はもうすっかり昔の私でなくなったと世間でも言うではありませんか」などと言わせて夫人の<RUBY><RB>機嫌</RB><RP>（</RP><RT>きげん</RT><RP>）</RP></RUBY>を直させようとするうちに昼になった。<BR>"
"18","2","3","1","18020301","　<RUBY><RB>微行</RB><RP>（</RP><RT>しのび</RT><RP>）</RP></RUBY>で、しかも前駆には親しい者だけを選んで源氏は大井へ来た。夕方前である。いつも<RUBY><RB>狩衣</RB><RP>（</RP><RT>かりぎぬ</RT><RP>）</RP></RUBY>姿をしていた明石時代でさえも美しい源氏であったのが、恋人に逢うがために引き繕った<RUBY><RB>直衣</RB><RP>（</RP><RT>のうし</RT><RP>）</RP></RUBY>姿はまばゆいほどまたりっぱであった。女のした長い<RUBY><RB>愁</RB><RP>（</RP><RT>うれ</RT><RP>）</RP></RUBY>いもこれに慰められた。源氏は今さらのようにこの人に深い愛を覚えながら、二人の中に生まれた子供を見てまた感動した。<BR>"
"18","2","3","2","18020302","　今まで見ずにいたことさえも取り返されない損失のように思われる。左大臣家で生まれた子の<RUBY><RB>美貌</RB><RP>（</RP><RT>びぼう</RT><RP>）</RP></RUBY>を世人はたたえるが、それは権勢に目がくらんだ批評である。<BR>"
"18","2","3","3","18020303","　これこそ真の美人になる要素の備わった子供であると源氏は思った。<BR>"
"18","2","3","4","18020304","　無邪気な<RUBY><RB>笑顔</RB><RP>（</RP><RT>えがお</RT><RP>）</RP></RUBY>の<RUBY><RB>愛嬌</RB><RP>（</RP><RT>あいきょう</RT><RP>）</RP></RUBY>の多いのを源氏は非常にかわいく思った。<BR>"
"18","2","3","5","18020305","　<RUBY><RB>乳母</RB><RP>（</RP><RT>めのと</RT><RP>）</RP></RUBY>も明石へ立って行ったころの衰えた顔はなくなって美しい女になっている。今日までのことをいろいろとなつかしいふうに話すのを聞いていた源氏は、塩焼き小屋に近い<RUBY><RB>田舎</RB><RP>（</RP><RT>いなか</RT><RP>）</RP></RUBY>の生活をしいてさせられてきたのに同情するというようなことを言った。<BR>"
"18","2","3","6","18020306","　「ここだってまだずいぶんと遠すぎる。したがって私が始終は来られないことになるから、やはり私があなたのために用意した所へお移りなさい」<BR>"
"18","2","3","7","18020307","　と源氏は明石に言うのであったが、<BR>"
"18","2","3","8","18020308","　「こんなふうに田舎者であることが少し直りましてから」<BR>"
"18","2","3","9","18020309","　と女の言うのも道理であった。源氏はいろいろに明石の心をいたわったり、将来を堅く誓ったりしてその夜は明けた。<BR>"
"18","2","4","1","18020401","　なお修繕を加える必要のある所を、源氏はもとの預かり人や新たに任命した家職の者に命じていた。源氏が桂の院へ来るという<RUBY><RB>報</RB><RP>（</RP><RT>しら</RT><RP>）</RP></RUBY>せがあったために、この近くの領地の人たちの集まって来たのは皆そこから明石の家のほうへ来た。そうした人たちに庭の植え込みの草木を直させたりなどした。<BR>"
"18","2","4","2","18020402","　「流れの中にあった<RUBY><RB>立石</RB><RP>（</RP><RT>たていし</RT><RP>）</RP></RUBY>が皆倒れて、ほかの石といっしょに紛れてしまったらしいが、そんな物を復旧させたり、よく直させたりすればずいぶんおもしろくなる庭だと思われるが、しかしそれは骨を折るだけかえってあとでいけないことになる。そこに永久いるものでもないから、いつか立って行ってしまう時に心が残って、どんなに私は苦しかったろう、帰る時に」<BR>"
"18","2","4","3","18020403","　源氏はまた昔を言い出して、泣きもし、笑いもして語るのであった。こうした打ち解けた様子の見える時に源氏はいっそう美しいのであった。<BR>"
"18","2","4","4","18020404","　のぞいて見ていた尼君は老いも忘れ、物思いも跡かたなくなってしまう気がして<RUBY><RB>微笑</RB><RP>（</RP><RT>ほほえ</RT><RP>）</RP></RUBY>んでいた。<BR>"
"18","2","4","5","18020405","　東の<RUBY><RB>渡殿</RB><RP>（</RP><RT>わたどの</RT><RP>）</RP></RUBY>の下をくぐって来る流れの筋を仕変えたりする<RUBY><RB>指図</RB><RP>（</RP><RT>さしず</RT><RP>）</RP></RUBY>に、源氏は<RUBY><RB>袿</RB><RP>（</RP><RT>うちぎ</RT><RP>）</RP></RUBY>を引き掛けたくつろぎ姿でいるのがまた尼君にはうれしいのであった。仏の<RUBY><RB>閼伽</RB><RP>（</RP><RT>あか</RT><RP>）</RP></RUBY>の具などが縁に置かれてあるのを見て、源氏はその中が尼君の部屋であることに気がついた。<BR>"
"18","2","4","6","18020406","　「尼君はこちらにおいでになりますか。だらしのない姿をしています」<BR>"
"18","2","4","7","18020407","　と言って、源氏は<RUBY><RB>直衣</RB><RP>（</RP><RT>のうし</RT><RP>）</RP></RUBY>を取り寄せて着かえた。<RUBY><RB>几帳</RB><RP>（</RP><RT>きちょう</RT><RP>）</RP></RUBY>の前にすわって、<BR>"
"18","2","4","8","18020408","　「子供がよい子に育ちましたのは、あなたの祈りを仏様がいれてくだすったせいだろうとありがたく思います。俗をお離れになった清い御生活から、私たちのためにまた世の中へ帰って来てくだすったことを感謝しています。明石ではまた一人でお残りになって、どんなにこちらのことを想像して心配していてくださるだろうと済まなく私は思っています」<BR>"
"18","2","4","9","18020409","　となつかしいふうに話した。<BR>"
"18","2","4","10","18020410","　「一度捨てました世の中へ帰ってまいって苦しんでおります心も、お察しくださいましたので、命の長さもうれしく存ぜられます」尼君は泣きながらまた、「<RUBY><RB>荒磯</RB><RP>（</RP><RT>あらいそ</RT><RP>）</RP></RUBY>かげに心苦しく存じました<RUBY><RB>二葉</RB><RP>（</RP><RT>ふたば</RT><RP>）</RP></RUBY>の松もいよいよ頼もしい未来が思われます日に到達いたしましたが、御生母がわれわれ<RUBY><RB>風情</RB><RP>（</RP><RT>ふぜい</RT><RP>）</RP></RUBY>の娘でございますことが、御幸福の<RUBY><RB>障</RB><RP>（</RP><RT>さわ</RT><RP>）</RP></RUBY>りにならぬかと苦労にしております」<BR>"
"18","2","4","11","18020411","　などという様子に品のよさの見える婦人であったから、源氏はこの山荘の昔の<RUBY><RB>主</RB><RP>（</RP><RT>あるじ</RT><RP>）</RP></RUBY>の親王のことなどを話題にして語った。直された流れの水はこの話に言葉を入れたいように、前よりも高い音を立てていた。<BR>"
"18","2","4","12","18020412","　　住み<RUBY><RB>馴</RB><RP>（</RP><RT>な</RT><RP>）</RP></RUBY>れし人はかへりてたどれども<BR>　　<RUBY><RB>清水</RB><RP>（</RP><RT>しみづ</RT><RP>）</RP></RUBY>ぞ宿の<RUBY><RB>主人</RB><RP>（</RP><RT>あるじ</RT><RP>）</RP></RUBY>がほなる<BR>"
"18","2","4","13","18020413","　歌であるともなくこう言う様子に、源氏は風雅を解する老女であると思った。<BR>"
"18","2","4","14","18020414","　　「いさらゐははやくのことも忘れじを<BR>　　もとの<RUBY><RB>主人</RB><RP>（</RP><RT>あるじ</RT><RP>）</RP></RUBY>や<RUBY><RB>面</RB><RP>（</RP><RT>おも</RT><RP>）</RP></RUBY>変はりせる<BR>"
"18","2","4","15","18020415","　悲しいものですね」<BR>"
"18","2","4","16","18020416","　と<RUBY><RB>歎息</RB><RP>（</RP><RT>たんそく</RT><RP>）</RP></RUBY>して立って行く源氏の美しいとりなしにも尼君は打たれて<RUBY><RB>茫</RB><RP>（</RP><RT>ぼう</RT><RP>）</RP></RUBY>となっていた。<BR>"
"18","2","5","1","18020501","　源氏は<RUBY><RB>御堂</RB><RP>（</RP><RT>みどう</RT><RP>）</RP></RUBY>へ行って毎月十四、五日と三十日に行なう<RUBY><RB>普賢講</RB><RP>（</RP><RT>ふげんこう</RT><RP>）</RP></RUBY>、<RUBY><RB>阿弥陀</RB><RP>（</RP><RT>あみだ</RT><RP>）</RP></RUBY>、<RUBY><RB>釈迦</RB><RP>（</RP><RT>しゃか</RT><RP>）</RP></RUBY>の念仏の<RUBY><RB>三昧</RB><RP>（</RP><RT>さんまい</RT><RP>）</RP></RUBY>のほかにも日を決めてする<RUBY><RB>法会</RB><RP>（</RP><RT>ほうえ</RT><RP>）</RP></RUBY>のことを僧たちに命じたりした。堂の装飾や仏具の製作などのことも御堂の人々へ<RUBY><RB>指図</RB><RP>（</RP><RT>さしず</RT><RP>）</RP></RUBY>してから、月明の<RUBY><RB>路</RB><RP>（</RP><RT>みち</RT><RP>）</RP></RUBY>を川沿いの山荘へ帰って来た。<BR>"
"18","2","5","2","18020502","　明石の別離の夜のことが源氏の胸によみがえって感傷的な気分になっている時に女はその夜の形見の琴を差し出した。<RUBY><RB>弾</RB><RP>（</RP><RT>ひ</RT><RP>）</RP></RUBY>きたい欲求もあって源氏は琴を弾き始めた。まだ<RUBY><RB>絃</RB><RP>（</RP><RT>いと</RT><RP>）</RP></RUBY>の<RUBY><RB>音</RB><RP>（</RP><RT>ね</RT><RP>）</RP></RUBY>が変わっていなかった。その夜が今であるようにも思われる。<BR>"
"18","2","5","3","18020503","　　契りしに変はらぬ琴のしらべにて<BR>　　絶えぬ心のほどは知りきや<BR>"
"18","2","5","4","18020504","　と言うと、女が、<BR>"
"18","2","5","5","18020505","　　変はらじと契りしことを頼みにて<BR>　　松の響に<RUBY><RB>音</RB><RP>（</RP><RT>ね</RT><RP>）</RP></RUBY>を添へしかな<BR>"
"18","2","5","6","18020506","　と言う。こんなことが不つりあいに見えないのは女からいえば過分なことであった。明石時代よりも女の美に光彩が加わっていた。源氏は永久に離れがたい人になったと明石を思っている。姫君の顔からもまた目は離せなかった。<BR>"
"18","2","5","7","18020507","　<RUBY><RB>日蔭</RB><RP>（</RP><RT>ひかげ</RT><RP>）</RP></RUBY>の子として成長していくのが、堪えられないほど源氏はかわいそうで、これを二条の院へ引き取ってできる限りにかしずいてやることにすれば、成長後の肩身の狭さも救われることになるであろうとは源氏の心に思われることであったが、<BR>"
"18","2","5","8","18020508","　また引き放される明石の心が哀れに思われて口へそのことは出ずにただ涙ぐんで姫君の顔を見ていた。子心にはじめは少し恥ずかしがっていたが、今はもうよく<RUBY><RB>馴</RB><RP>（</RP><RT>な</RT><RP>）</RP></RUBY>れてきて、ものを言って、笑ったりもしてみせた。甘えて近づいて来る顔がまたいっそう美しくてかわいいのである。源氏に抱かれている姫君はすでに類のない幸運に恵まれた人と見えた。<BR>"
"18","3","1","1","18030101","　三日目は京へ帰ることになっていたので、源氏は朝もおそく起きて、ここから直接帰って行くつもりでいたが、桂の院のほうへ高官がたくさん集まって来ていて、この山荘へも殿上役人がおおぜいで迎えに来た。源氏は装束をして、<BR>"
"18","3","1","2","18030102","　「きまりの悪いことになったものだね、あなたがたに見られてよい<RUBY><RB>家</RB><RP>（</RP><RT>うち</RT><RP>）</RP></RUBY>でもないのに」<BR>"
"18","3","1","3","18030103","　と言いながらいっしょに出ようとしたが、心苦しく女を思って、さりげなく紛らして立ち止まった戸口へ、<RUBY><RB>乳母</RB><RP>（</RP><RT>めのと</RT><RP>）</RP></RUBY>は姫君を抱いて出て来た。源氏はかわいい様子で子供の頭を<RUBY><RB>撫</RB><RP>（</RP><RT>な</RT><RP>）</RP></RUBY>でながら、<BR>"
"18","3","1","4","18030104","　「見ないでいることは堪えられない気のするのもにわかな愛情すぎるね。どうすればいいだろう、遠いじゃないか、ここは」<BR>"
"18","3","1","5","18030105","　と源氏が言うと、<BR>"
"18","3","1","6","18030106","　「遠い田舎の幾年よりも、こちらへ参ってたまさかしかお迎えできないようなことになりましては、だれも皆苦しゅうございましょう」<BR>"
"18","3","1","7","18030107","　など乳母は言った。姫君が手を前へ伸ばして、立っている源氏のほうへ行こうとするのを見て、源氏は<RUBY><RB>膝</RB><RP>（</RP><RT>ひざ</RT><RP>）</RP></RUBY>をかがめてしまった。<BR>"
"18","3","1","8","18030108","　「もの思いから解放される日のない私なのだね、しばらくでも別れているのは苦しい。奥さんはどこにいるの、なぜここへ来て別れを惜しんでくれないのだろう、せめて<RUBY><RB>人心地</RB><RP>（</RP><RT>ひとごこち</RT><RP>）</RP></RUBY>が出てくるかもしれないのに」<BR>"
"18","3","1","9","18030109","　と言うと、乳母は笑いながら明石の所へ行ってそのとおりを言った。<BR>"
"18","3","1","10","18030110","　女は<RUBY><RB>逢</RB><RP>（</RP><RT>あ</RT><RP>）</RP></RUBY>った喜びが二日で尽きて、別れの時の来た悲しみに心を乱していて、呼ばれてもすぐに出ようとしないのを源氏は心のうちであまりにも<RUBY><RB>貴女</RB><RP>（</RP><RT>きじょ</RT><RP>）</RP></RUBY>ぶるのではないかと思っていた。女房たちからも勧められて、<RUBY><RB>明石</RB><RP>（</RP><RT>あかし</RT><RP>）</RP></RUBY>はやっと<RUBY><RB>膝行</RB><RP>（</RP><RT>いざ</RT><RP>）</RP></RUBY>って出て、そして姿は見せないように<RUBY><RB>几帳</RB><RP>（</RP><RT>きちょう</RT><RP>）</RP></RUBY>の<RUBY><RB>蔭</RB><RP>（</RP><RT>かげ</RT><RP>）</RP></RUBY>へはいるようにしている様子に気品が見えて、しかも柔らかい美しさのあるこの人は内親王と言ってもよいほどに<RUBY><RB>気高</RB><RP>（</RP><RT>けだか</RT><RP>）</RP></RUBY>く見えるのである。<BR>"
"18","3","1","11","18030111","　源氏は几帳の<RUBY><RB>垂</RB><RP>（</RP><RT>た</RT><RP>）</RP></RUBY>れ絹を横へ引いてまたこまやかにささやいた。いよいよ出かける時に源氏が一度振り返って見ると、冷静にしていた明石も、この時は顔を出して見送っていた。<BR>"
"18","3","1","12","18030112","　源氏の美は今が盛りであると思われた。以前は<RUBY><RB>痩</RB><RP>（</RP><RT>や</RT><RP>）</RP></RUBY>せて<RUBY><RB>背丈</RB><RP>（</RP><RT>せたけ</RT><RP>）</RP></RUBY>が高いように見えたが、今はちょうどいいほどになっていた。これでこそ貫目のある好男子になられたというものであると女たちがながめていて、<RUBY><RB>指貫</RB><RP>（</RP><RT>さしぬき</RT><RP>）</RP></RUBY>の<RUBY><RB>裾</RB><RP>（</RP><RT>すそ</RT><RP>）</RP></RUBY>からも<RUBY><RB>愛嬌</RB><RP>（</RP><RT>あいきょう</RT><RP>）</RP></RUBY>はこぼれ出るように思った。<BR>"
"18","3","1","13","18030113","　解官されて源氏について<RUBY><RB>漂泊</RB><RP>（</RP><RT>さすら</RT><RP>）</RP></RUBY>えた<RUBY><RB>蔵人</RB><RP>（</RP><RT>くろうど</RT><RP>）</RP></RUBY>もまた<RUBY><RB>旧</RB><RP>（</RP><RT>もと</RT><RP>）</RP></RUBY>の地位に<RUBY><RB>復</RB><RP>（</RP><RT>かえ</RT><RP>）</RP></RUBY>って、<RUBY><RB>靫負尉</RB><RP>（</RP><RT>ゆぎえのじょう</RT><RP>）</RP></RUBY>になった上に今年は五位も得ていたが、この好青年官人が源氏の<RUBY><RB>太刀</RB><RP>（</RP><RT>たち</RT><RP>）</RP></RUBY>を取りに戸口へ来た時に、<RUBY><RB>御簾</RB><RP>（</RP><RT>みす</RT><RP>）</RP></RUBY>の中に明石のいるのを察して<RUBY><RB>挨拶</RB><RP>（</RP><RT>あいさつ</RT><RP>）</RP></RUBY>をした。<BR>"
"18","3","1","14","18030114","　「以前の御厚情を忘れておりませんが、失礼かと存じますし、浦風に似た気のいたしました今暁の山風にも、御挨拶を取り次いでいただく<RUBY><RB>便</RB><RP>（</RP><RT>びん</RT><RP>）</RP></RUBY>もございませんでしたから」<BR>"
"18","3","1","15","18030115","<!--空行--><BR>"
"18","3","1","16","18030116","　「山に取り巻かれておりましては、海べの頼りない<RUBY><RB>住居</RB><RP>（</RP><RT>すまい</RT><RP>）</RP></RUBY>と変わりもなくて、松も昔の（友ならなくに）と思って寂しがっておりましたが、昔の方がお供の中においでになって力強く思います」<BR>"
"18","3","1","17","18030117","　などと明石は言った。<BR>"
"18","3","1","18","18030118","　すばらしいものにこの人はなったものだ、自分だって恋人にしたいと思ったこともある女ではないかなどと思って、<BR>"
"18","3","1","19","18030119","　驚異を覚えながらも<RUBY><RB>蔵人</RB><RP>（</RP><RT>くろうど</RT><RP>）</RP></RUBY>は、<BR>"
"18","3","1","20","18030120","　「また別の機会に」<BR>"
"18","3","1","21","18030121","　と言って男らしく肩を振って行った。<BR>"
"18","3","2","1","18030201","　りっぱな<RUBY><RB>風采</RB><RP>（</RP><RT>ふうさい</RT><RP>）</RP></RUBY>の源氏が静かに歩を運ぶかたわらで先払いの声が高く立てられた。源氏は車へ<RUBY><RB>頭中将</RB><RP>（</RP><RT>とうのちゅうじょう</RT><RP>）</RP></RUBY>、<RUBY><RB>兵衛督</RB><RP>（</RP><RT>ひょうえのかみ</RT><RP>）</RP></RUBY>などを陪乗させた。<BR>"
"18","3","2","2","18030202","　「つまらない隠れ家を発見されたことはどうも残念だ」<BR>"
"18","3","2","3","18030203","　源氏は車中でしきりにこう言っていた。<BR>"
"18","3","2","4","18030204","　「昨夜はよい月でございましたから、<RUBY><RB>嵯峨</RB><RP>（</RP><RT>さが</RT><RP>）</RP></RUBY>のお供のできませんでしたことが<RUBY><RB>口惜</RB><RP>（</RP><RT>くちお</RT><RP>）</RP></RUBY>しくてなりませんで、<RUBY><RB>今朝</RB><RP>（</RP><RT>けさ</RT><RP>）</RP></RUBY>は霧の濃い中をやって参ったのでございます。<RUBY><RB>嵐山</RB><RP>（</RP><RT>あらしやま</RT><RP>）</RP></RUBY>の<RUBY><RB>紅葉</RB><RP>（</RP><RT>もみじ</RT><RP>）</RP></RUBY>はまだ早うございました。今は秋草の盛りでございますね。<RUBY><RB>某朝臣</RB><RP>（</RP><RT>ぼうあそん</RT><RP>）</RP></RUBY>はあすこで<RUBY><RB>小鷹狩</RB><RP>（</RP><RT>こたかがり</RT><RP>）</RP></RUBY>を始めてただ今いっしょに参れませんでしたが、どういたしますか」<BR>"
"18","3","2","5","18030205","　などと若い人は言った。<BR>"
"18","3","2","6","18030206","　「今日はもう一日<RUBY><RB>桂</RB><RP>（</RP><RT>かつら</RT><RP>）</RP></RUBY>の院で遊ぶことにしよう」と源氏は言って、車をそのほうへやった。桂の別荘のほうではにわかに客の<RUBY><RB>饗応</RB><RP>（</RP><RT>きょうおう</RT><RP>）</RP></RUBY>の<RUBY><RB>仕度</RB><RP>（</RP><RT>したく</RT><RP>）</RP></RUBY>が始められて、<RUBY><RB>鵜</RB><RP>（</RP><RT>う</RT><RP>）</RP></RUBY>飼いなども呼ばれたのであるがその人夫たちの高いわからぬ会話が聞こえてくるごとに海岸にいたころの漁夫の声が思い出される源氏であった。<BR>"
"18","3","2","7","18030207","　大井の野に残った殿上役人が、しるしだけの小鳥を<RUBY><RB>萩</RB><RP>（</RP><RT>はぎ</RT><RP>）</RP></RUBY>の枝などへつけてあとを追って来た。杯がたびたび巡ったあとで川べの<RUBY><RB>逍遥</RB><RP>（</RP><RT>しょうよう</RT><RP>）</RP></RUBY>を<RUBY><RB>危</RB><RP>（</RP><RT>あや</RT><RP>）</RP></RUBY>ぶまれながら源氏は桂の院で遊び暮らした。<BR>"
"18","3","3","1","18030301","　月がはなやかに上ってきたころから音楽の合奏が始まった。<BR>"
"18","3","3","2","18030302","　絃楽のほうは<RUBY><RB>琵琶</RB><RP>（</RP><RT>びわ</RT><RP>）</RP></RUBY>、<RUBY><RB>和琴</RB><RP>（</RP><RT>わごん</RT><RP>）</RP></RUBY>などだけで笛の<RUBY><RB>上手</RB><RP>（</RP><RT>じょうず</RT><RP>）</RP></RUBY>が皆選ばれて伴奏をした曲は秋にしっくり合ったもので、感じのよいこの小合奏に川風が吹き混じっておもしろかった。月が高く上ったころ、清澄な世界がここに現出したような今夜の桂の院へ、殿上人がまた四、五人連れで来た。<BR>"
"18","3","3","3","18030303","　殿上に伺候していたのであるが、音楽の遊びがあって、<RUBY><RB>帝</RB><RP>（</RP><RT>みかど</RT><RP>）</RP></RUBY>が、<BR>"
"18","3","3","4","18030304","　「今日は六日の謹慎日が済んだ日であるから、きっと源氏の<RUBY><RB>大臣</RB><RP>（</RP><RT>おとど</RT><RP>）</RP></RUBY>は来るはずであるのだ、どうしたか」<BR>"
"18","3","3","5","18030305","　と仰せられた時に、嵯峨へ行っていることが奏されて、それで下された一人のお使いと同行者なのである。<BR>"
"18","3","3","6","18030306","　　「月のすむ川の<RUBY><RB>遠</RB><RP>（</RP><RT>をち</RT><RP>）</RP></RUBY>なる里なれば<BR>　　桂の影はのどけかるらん<BR>"
"18","3","3","7","18030307","　うらやましいことだ」<BR>"
"18","3","3","8","18030308","　これが<RUBY><RB>蔵人弁</RB><RP>（</RP><RT>くろうどのべん</RT><RP>）</RP></RUBY>であるお使いが源氏に伝えたお言葉である。<BR>"
"18","3","3","9","18030309","　源氏はかしこまって承った。清涼殿での音楽よりも、場所のおもしろさの多く加わったここの管絃楽に新来の人々は興味を覚えた。また杯が多く巡った。ここには<RUBY><RB>纏頭</RB><RP>（</RP><RT>てんとう</RT><RP>）</RP></RUBY>にする物が備えてなかったために、源氏は大井の山荘のほうへ、<BR>"
"18","3","3","10","18030310","　「たいそうでない纏頭の品があれば」<BR>"
"18","3","3","11","18030311","　と言ってやった。<RUBY><RB>明石</RB><RP>（</RP><RT>あかし</RT><RP>）</RP></RUBY>は手もとにあった品を取りそろえて持たせて来た。衣服箱二荷であった。お使いの弁は早く帰るので、さっそく女装束が纏頭に出された。<BR>"
"18","3","3","12","18030312","　　久方の光に近き名のみして<BR>　　朝夕霧も晴れぬ山ざと<BR>"
"18","3","3","13","18030313","　というのが源氏の勅答の歌であった。帝の行幸を待ち奉る意があるのであろう。「中に<RUBY><RB>生</RB><RP>（</RP><RT>お</RT><RP>）</RP></RUBY>ひたる」（久方の中におひたる里なれば光をのみぞ頼むべらなる）と源氏は古歌を口ずさんだ。源氏がまた<RUBY><RB>躬恒</RB><RP>（</RP><RT>みつね</RT><RP>）</RP></RUBY>が「淡路にてあはとはるかに見し月の近き<RUBY><RB>今宵</RB><RP>（</RP><RT>こよひ</RT><RP>）</RP></RUBY>はところがらかも」と不思議がった歌のことを言い出すと、源氏の以前のことを思って泣く人も出てきた。皆酔ってもいるからである。<BR>"
"18","3","3","14","18030314","　　めぐりきて手にとるばかりさやけきや<BR>　　淡路の島のあはと見し月<BR>"
"18","3","3","15","18030315","　これは源氏の作である。<BR>"
"18","3","3","16","18030316","　　浮き雲にしばしまがひし月影の<BR>　　すみはつるよぞのどけかるべき<BR>"
"18","3","3","17","18030317","<RUBY><RB>頭中将</RB><RP>（</RP><RT>とうのちゅうじょう</RT><RP>）</RP></RUBY>である。右大弁は老人であって、故院の<RUBY><RB>御代</RB><RP>（</RP><RT>みよ</RT><RP>）</RP></RUBY>にも<RUBY><RB>睦</RB><RP>（</RP><RT>むつ</RT><RP>）</RP></RUBY>まじくお召し使いになった人であるが、その人の作、<BR>"
"18","3","3","18","18030318","　　雲の上の住みかを捨てて<RUBY><RB>夜半</RB><RP>（</RP><RT>よは</RT><RP>）</RP></RUBY>の月<BR>　　いづれの谷に影隠しけん<BR>"
"18","3","3","19","18030319","　なおいろいろな人の作もあったが省略する。<BR>"
"18","3","3","20","18030320","　歌が出てからは、人々は感情のあふれてくるままに、こうした人間の愛し合う世界を千年も続けて見ていきたい気を起こしたが、二条の院を出て四日目の朝になった源氏は、今日はぜひ帰らねばならぬと急いだ。<BR>"
"18","3","3","21","18030321","　一行にいろいろな物をかついだ供の人が加わった列は、霧の間を行くのが秋草の園のようで美しかった。<RUBY><RB>近衛府</RB><RP>（</RP><RT>このえふ</RT><RP>）</RP></RUBY>の有名な芸人の<RUBY><RB>舎人</RB><RP>（</RP><RT>とねり</RT><RP>）</RP></RUBY>で、よく何かの時には源氏について来る男に今朝も「その<RUBY><RB>駒</RB><RP>（</RP><RT>こま</RT><RP>）</RP></RUBY>」などを歌わせたが、源氏をはじめ高官などの脱いで与える衣服の数が多くてそこにもまた秋の野の<RUBY><RB>錦</RB><RP>（</RP><RT>にしき</RT><RP>）</RP></RUBY>の翻る趣があった。<BR>"
"18","3","3","22","18030322","　大騒ぎにはしゃぎにはしゃいで桂の院を人々の引き上げて行く物音を大井の山荘でははるかに聞いて寂しく思った。<RUBY><RB>言</RB><RP>（</RP><RT>こと</RT><RP>）</RP></RUBY>づてもせずに帰って行くことを源氏は心苦しく思った。<BR>"
"18","4","1","1","18040101","　二条の院に着いた源氏はしばらく休息をしながら夫人に<RUBY><RB>嵯峨</RB><RP>（</RP><RT>さが</RT><RP>）</RP></RUBY>の話をした。<BR>"
"18","4","1","2","18040102","　「あなたと約束した日が過ぎたから私は苦しみましたよ。風流男どもがあとを追って来てね、あまり留めるものだからそれに引かれていたのですよ。疲れてしまった」<BR>"
"18","4","1","3","18040103","　と言って源氏は寝室へはいった。夫人が気むずかしいふうになっているのも気づかないように源氏は扱っていた。<BR>"
"18","4","1","4","18040104","　「比較にならない人を競争者ででもあるように考えたりなどすることもよくないことですよ。あなたは自分は自分であると思い上がっていればいいのですよ」<BR>"
"18","4","1","5","18040105","　と源氏は教えていた。<BR>"
"18","4","1","6","18040106","　日暮れ前に参内しようとして出かけぎわに、源氏は隠すように紙を持って手紙を書いているのは大井へやるものらしかった。こまごまと書かれている様子がうかがわれるのであった。侍を呼んで小声でささやきながら手紙を渡す源氏を女房たちは憎く思った。<BR>"
"18","4","2","1","18040201","　その晩は御所で<RUBY><RB>宿直</RB><RP>（</RP><RT>とのい</RT><RP>）</RP></RUBY>もするはずであるが、夫人の<RUBY><RB>機嫌</RB><RP>（</RP><RT>きげん</RT><RP>）</RP></RUBY>の直っていなかったことを思って、夜はふけていたが源氏は夫人をなだめるつもりで帰って来ると、大井の返事を使いが持って来た。隠すこともできずに源氏は夫人のそばでそれを読んだ。夫人を不愉快にするようなことも書いてなかったので、<BR>"
"18","4","2","2","18040202","　これを破ってあなたの手で捨ててください。困るからね、こんな物が散らばっていたりすることはもう私に似合ったことではないのだからね」<BR>"
"18","4","2","3","18040203","　と夫人のほうへそれを出した源氏は、<RUBY><RB>脇息</RB><RP>（</RP><RT>きょうそく</RT><RP>）</RP></RUBY>によりかかりながら、心のうちでは大井の姫君が恋しくて、<RUBY><RB>灯</RB><RP>（</RP><RT>ひ</RT><RP>）</RP></RUBY>をながめて、ものも言わずにじっとしていた。手紙はひろがったままであるが、<RUBY><RB>女王</RB><RP>（</RP><RT>にょおう</RT><RP>）</RP></RUBY>が見ようともしないのを見て、<BR>"
"18","4","2","4","18040204","　「見ないようにしていて、目のどこかであなたは見ているじゃありませんか」<BR>"
"18","4","2","5","18040205","　と笑いながら夫人に言いかけた源氏の顔にはこぼれるような<RUBY><RB>愛嬌</RB><RP>（</RP><RT>あいきょう</RT><RP>）</RP></RUBY>があった。<BR>"
"18","4","2","6","18040206","　夫人のそばへ寄って、<BR>"
"18","4","2","7","18040207","　「ほんとうはね、かわいい子を見て来たのですよ。そんな人を見るとやはり前生の縁の浅くないということが思われたのですがね、とにかく子供のことはどうすればいいのだろう。公然私の子供として扱うことも世間へ恥ずかしいことだし、私はそれで<RUBY><RB>煩悶</RB><RP>（</RP><RT>はんもん</RT><RP>）</RP></RUBY>しています。いっしょにあなたも心配してください。どうしよう、あなたが育ててみませんか、三つになっているのです。無邪気なかわいい顔をしているものだから、どうも捨てておけない気がします。小さいうちにあなたの子にしてもらえば、子供の将来を明るくしてやれるように思うのだが、失敬だとお思いにならなければあなたの手で<RUBY><RB>袴着</RB><RP>（</RP><RT>はかまぎ</RT><RP>）</RP></RUBY>をさせてやってください」<BR>"
"18","4","2","8","18040208","　と源氏は言うのであった。<BR>"
"18","4","2","9","18040209","　「私を意地悪な者のようにばかり決めておいでになって、これまでから私には大事なことを皆隠していらっしゃるものですもの、私だけがあなたを信頼していることも改めなければならないとこのごろは私思っています。けれども私は小さい姫君のお相手にはなれますよ。どんなにおかわいいでしょう、その方ね」<BR>"
"18","4","2","10","18040210","　と言って、女王は少し<RUBY><RB>微笑</RB><RP>（</RP><RT>ほほえ</RT><RP>）</RP></RUBY>んだ。夫人は非常に子供好きであったから、その子を自分がもらって、その子を自分が抱いて、大事に育ててみたいと思った。<BR>"
"18","4","2","11","18040211","　どうしよう、そうは言ったもののここへつれて来たものであろうかと源氏はまた<RUBY><RB>煩悶</RB><RP>（</RP><RT>はんもん</RT><RP>）</RP></RUBY>した。源氏が大井の山荘を訪うことは困難であった。<RUBY><RB>嵯峨</RB><RP>（</RP><RT>さが</RT><RP>）</RP></RUBY>の<RUBY><RB>御堂</RB><RP>（</RP><RT>みどう</RT><RP>）</RP></RUBY>の念仏の日を待ってはじめて出かけられるのであったから、月に二度より<RUBY><RB>逢</RB><RP>（</RP><RT>あ</RT><RP>）</RP></RUBY>いに行く日はないわけである。<RUBY><RB>七夕</RB><RP>（</RP><RT>たなばた</RT><RP>）</RP></RUBY>よりは短い期間であっても女にとっては苦しい十五日が繰り返されていった。<BR>"
